timestamp,T,CO2,VOC,NO2,PMS1,PMS10,PMS2_5,C2H5OH,H
2026-07-04 16:26:53,24.89,678.1,103.65,29.0,19.31,51.31,42.21,5.21,58.44
2026-07-04 16:31:57,24.84,784.3,86.59,21.0,18.11,43.79,38.82,10.03,52.79
2026-07-04 16:40:29,24.08,689.4,91.06,23.6,15.0,49.71,40.28,2.77,55.0
2026-07-04 16:47:35,24.68,624.1,87.34,33.3,13.75,50.47,35.1,3.28,53.92
2026-07-04 16:56:13,24.36,644.5,81.45,23.6,15.13,46.59,37.45,20.62,52.06
2026-07-04 16:58:46,23.71,693.3,92.8,20.2,16.31,52.91,35.16,12.61,53.59
2026-07-04 17:04:51,24.05,743.3,90.96,23.5,18.5,49.26,40.17,6.38,50.36
2026-07-04 17:13:01,24.01,566.5,79.87,25.3,15.83,44.42,35.49,11.52,50.42
2026-07-04 17:15:34,24.31,605.7,104.81,24.3,19.94,54.2,41.02,6.73,50.48
2026-07-04 17:20:09,24.17,769.0,94.03,27.0,20.03,59.04,40.11,10.06,51.34
2026-07-04 17:22:31,24.13,586.4,93.99,18.4,19.18,56.57,41.33,2.35,50.94
2026-07-04 17:29:08,24.12,578.7,83.56,28.1,15.54,51.08,46.02,3.97,50.92
2026-07-04 17:36:11,23.82,818.6,104.14,25.3,15.23,49.76,34.4,0.05,50.41
2026-07-04 17:45:47,24.06,534.1,89.6,27.4,11.16,42.47,34.17,5.28,53.53
2026-07-04 17:53:21,23.56,592.4,90.81,24.1,16.42,44.7,38.7,8.16,53.94
2026-07-04 18:02:42,23.52,611.3,68.53,19.7,18.41,55.51,37.87,4.98,55.41
2026-07-04 18:09:41,22.8,518.1,91.06,25.8,15.97,49.0,33.91,3.96,55.58
2026-07-04 18:16:35,23.12,518.8,78.93,24.9,17.64,48.21,38.29,2.35,57.22
2026-07-04 18:18:43,23.48,763.3,80.14,22.4,14.79,49.79,31.38,11.45,58.13
2026-07-04 18:22:45,23.49,486.0,96.0,24.7,15.37,51.13,43.89,5.29,61.34
2026-07-04 18:30:29,23.33,491.1,77.03,23.1,15.18,55.15,38.56,9.46,60.02
2026-07-04 18:33:34,23.29,548.2,74.33,22.4,16.53,50.61,37.3,4.85,60.51
2026-07-04 18:40:22,22.98,566.2,108.67,29.0,20.03,50.26,47.76,2.13,59.6
2026-07-04 18:45:48,22.97,514.6,91.83,23.1,15.32,51.44,33.92,6.31,59.78
2026-07-04 18:53:05,21.8,546.4,88.67,21.5,17.05,48.46,40.35,4.52,62.12
2026-07-04 19:01:12,22.48,531.6,99.26,25.1,16.7,49.39,36.97,5.98,62.94
2026-07-04 19:03:17,22.47,477.0,69.74,19.8,17.41,43.18,36.82,11.66,66.84
2026-07-04 19:11:28,22.73,495.4,109.85,25.9,16.59,43.03,40.53,3.85,65.87
2026-07-04 19:19:22,22.29,451.8,104.99,23.1,19.02,51.24,34.65,2.08,67.24
2026-07-04 19:24:23,22.84,571.8,112.6,20.9,17.05,55.59,39.8,3.46,65.43
2026-07-04 19:31:03,22.9,436.3,111.67,24.3,19.96,50.75,46.53,22.31,67.25
2026-07-04 19:39:32,22.14,612.5,86.53,30.0,16.19,49.46,34.22,18.22,68.13
2026-07-04 19:48:35,21.92,436.5,99.96,23.8,19.26,43.53,42.84,3.42,68.14
2026-07-04 19:53:47,21.86,453.7,100.44,19.3,19.75,49.43,43.23,12.53,71.0
2026-07-04 20:01:23,21.91,500.7,118.38,25.7,21.82,50.54,46.59,3.63,71.55
2026-07-04 20:03:42,21.79,579.1,131.46,23.7,21.27,56.06,47.32,8.81,71.97
2026-07-04 20:12:33,21.51,423.2,140.49,20.2,22.71,58.82,46.44,3.11,74.15
2026-07-04 20:21:05,21.66,411.6,119.8,24.3,19.38,48.89,47.09,3.01,75.52
2026-07-04 20:25:14,21.9,458.1,137.43,20.0,19.37,50.33,44.16,18.09,76.87
2026-07-04 20:33:29,21.42,648.3,123.48,35.7,22.39,50.68,42.54,1.75,78.08
2026-07-04 20:38:18,21.74,421.3,119.7,20.7,22.7,51.34,50.14,12.99,80.95
2026-07-04 20:42:04,21.09,453.8,132.54,24.9,25.74,54.4,45.74,0.4,84.07
2026-07-04 20:50:25,21.36,541.5,138.74,31.7,21.22,58.1,48.09,3.86,89.28
2026-07-04 20:57:18,21.03,493.9,119.44,33.5,21.2,57.03,38.68,3.13,87.72
2026-07-04 21:04:46,21.16,374.7,146.46,24.4,27.37,55.91,49.83,2.17,89.25
2026-07-04 21:08:22,21.0,422.1,126.25,29.3,20.02,55.58,47.67,11.36,90.0
2026-07-04 21:14:04,20.93,382.4,137.25,25.4,23.47,55.51,50.13,0.53,90.0
2026-07-04 21:18:37,21.33,393.1,132.72,27.3,24.89,56.25,46.86,12.57,90.0
2026-07-04 21:24:08,21.26,390.0,147.42,24.6,24.75,51.95,52.23,12.29,90.0
2026-07-04 21:27:17,20.83,670.3,131.32,21.8,21.04,54.83,44.04,0.27,89.46
2026-07-04 21:33:21,20.77,381.3,154.19,20.5,27.36,52.17,48.63,6.77,88.55
2026-07-04 21:35:55,20.75,359.4,133.95,26.8,23.92,55.29,41.05,15.08,89.03
2026-07-04 21:42:28,20.94,485.6,152.46,30.8,23.46,52.12,50.58,1.9,90.0
2026-07-04 21:48:38,21.13,547.7,143.23,22.7,23.1,52.84,47.28,0.06,90.0
2026-07-04 21:54:28,21.24,503.6,148.98,25.5,25.27,58.25,50.12,5.88,90.0
2026-07-04 21:57:24,21.02,398.2,145.3,25.2,25.22,58.92,53.7,5.95,90.0
2026-07-04 22:02:54,20.44,450.1,149.6,30.5,26.08,57.34,49.37,5.97,90.0
2026-07-04 22:06:10,21.11,428.9,133.99,25.8,22.23,54.74,43.02,10.57,90.0
2026-07-04 22:14:09,20.52,363.3,145.79,25.4,26.3,58.41,50.58,2.11,88.97
2026-07-04 22:16:12,20.09,398.8,143.75,29.9,25.04,50.19,49.95,1.51,90.0
2026-07-04 22:20:07,21.03,437.7,158.02,22.2,26.49,62.08,48.59,0.13,90.0
2026-07-04 22:26:34,20.57,563.8,161.39,19.4,31.89,63.13,51.64,0.65,90.0
2026-07-04 22:35:13,20.28,399.2,147.91,22.4,29.28,58.79,58.47,10.53,88.37
2026-07-04 22:43:32,21.0,349.6,142.8,25.0,26.98,57.61,49.15,9.38,90.0
2026-07-04 22:47:04,20.39,359.9,159.16,27.1,28.63,57.57,51.2,1.96,90.0
2026-07-04 22:51:42,20.43,388.8,161.0,21.5,28.92,67.54,52.82,0.38,90.0
2026-07-04 23:01:30,20.56,386.1,153.49,26.1,25.56,57.48,54.19,7.44,90.0
2026-07-04 23:06:43,20.2,380.6,154.66,24.8,24.47,55.33,47.91,10.0,90.0
2026-07-04 23:13:31,20.68,345.1,157.85,29.1,28.49,60.35,59.47,8.9,90.0
2026-07-04 23:23:01,20.65,451.8,156.33,29.5,23.43,43.28,53.48,3.07,90.0
2026-07-04 23:29:14,20.6,363.7,147.56,21.8,24.68,59.25,46.45,10.95,89.42
2026-07-04 23:31:17,20.12,398.9,152.75,20.4,26.65,64.38,52.77,5.01,89.37
2026-07-04 23:33:55,20.57,419.6,152.5,15.9,27.15,55.43,50.32,9.76,90.0
2026-07-04 23:41:16,19.73,365.3,163.79,22.3,27.26,59.63,55.36,11.55,90.0
2026-07-04 23:46:39,20.75,338.8,164.96,13.7,29.99,64.14,58.46,0,90.0
2026-07-04 23:51:45,20.29,338.0,153.16,24.7,26.06,56.03,50.01,2.19,90.0
2026-07-04 23:58:36,20.66,366.3,162.67,24.4,29.79,62.04,58.7,5.99,90.0
2026-07-05 00:03:03,21.0,342.4,157.42,28.8,26.14,53.3,51.08,9.42,90.0
2026-07-05 00:10:45,20.29,416.7,144.05,19.0,25.45,59.56,49.35,4.41,90.0
2026-07-05 00:19:24,20.4,422.3,144.76,23.0,22.28,48.96,46.45,3.16,90.0
2026-07-05 00:27:21,19.92,365.8,148.72,22.9,26.86,53.81,52.99,2.24,90.0
2026-07-05 00:34:10,20.87,376.4,147.52,25.0,25.4,59.04,51.9,2.12,90.0
2026-07-05 00:39:47,20.56,409.8,143.24,21.4,29.2,55.37,55.89,2.34,90.0
2026-07-05 00:46:28,20.51,387.6,160.1,20.6,24.85,57.72,48.56,1.41,90.0
2026-07-05 00:50:05,21.13,427.5,155.66,32.0,26.15,55.1,58.35,3.44,90.0
2026-07-05 00:59:52,20.31,368.9,154.3,28.5,25.85,56.64,57.01,9.6,90.0
2026-07-05 01:02:44,20.83,480.3,162.22,28.8,29.43,62.6,58.95,4.34,90.0
2026-07-05 01:10:09,20.15,408.3,149.34,13.9,25.55,59.19,47.07,17.87,89.63
2026-07-05 01:13:41,20.73,355.6,166.05,17.4,30.62,67.59,59.2,1.42,90.0
2026-07-05 01:17:13,20.29,378.3,154.57,30.0,28.21,59.93,53.8,7.6,90.0
2026-07-05 01:26:57,20.89,359.6,141.52,17.8,20.85,53.39,45.32,23.26,90.0
2026-07-05 01:29:47,20.91,369.4,151.05,19.0,26.36,59.37,52.26,4.25,90.0
2026-07-05 01:37:15,20.45,353.3,151.73,19.8,25.76,58.67,53.26,4.11,87.93
2026-07-05 01:43:44,21.16,381.0,161.88,25.5,27.15,55.77,50.4,12.1,90.0
2026-07-05 01:53:06,20.92,409.9,140.13,29.1,22.39,51.18,48.31,14.73,90.0
2026-07-05 02:00:17,20.78,577.7,140.03,22.4,23.12,58.61,52.04,9.33,90.0
2026-07-05 02:03:46,21.02,490.8,156.36,28.5,27.34,59.2,56.43,23.63,90.0
2026-07-05 02:12:19,20.92,421.8,129.46,13.3,21.36,52.58,42.2,0,90.0
2026-07-05 02:19:10,20.21,449.0,140.1,21.3,25.01,58.45,48.59,1.88,90.0
2026-07-05 02:26:38,21.21,388.0,126.09,15.3,24.37,56.52,46.56,8.59,90.0
2026-07-05 02:34:49,20.91,1141.9,143.0,16.8,25.36,53.48,55.57,0.68,87.78
2026-07-05 02:40:39,21.16,416.4,150.64,22.5,26.2,55.51,49.0,12.0,89.92
2026-07-05 02:50:22,21.63,404.1,124.32,25.2,22.91,48.1,51.81,9.04,90.0
2026-07-05 02:55:39,21.56,527.1,146.51,27.8,26.52,54.89,50.28,4.38,90.0
2026-07-05 03:01:43,21.55,417.0,147.58,25.5,24.9,52.07,49.79,4.63,90.0
2026-07-05 03:04:10,21.26,581.4,135.65,19.9,21.24,51.6,45.45,1.99,90.0
2026-07-05 03:11:54,21.63,396.5,130.76,22.8,19.58,55.12,48.9,2.24,89.85
2026-07-05 03:15:29,21.92,549.3,137.74,24.5,26.05,59.94,50.69,25.55,90.0
2026-07-05 03:18:47,22.07,473.6,130.55,26.4,23.42,61.61,50.32,6.35,90.0
2026-07-05 03:21:47,21.51,430.7,118.68,24.6,20.06,47.3,42.11,19.57,90.0
2026-07-05 03:26:00,22.24,445.5,135.03,17.4,21.46,53.43,47.96,3.22,90.0
2026-07-05 03:34:25,21.9,416.6,128.95,26.3,20.05,54.47,44.94,12.56,89.53
2026-07-05 03:43:19,22.46,411.7,135.37,29.4,22.76,47.55,45.28,0.37,88.24
2026-07-05 03:46:59,22.21,428.1,112.43,19.6,16.76,53.42,38.99,4.31,89.63
2026-07-05 03:52:57,21.69,441.7,126.27,25.0,24.46,61.74,51.92,0.32,88.92
2026-07-05 03:56:31,21.43,507.8,123.32,23.7,18.66,49.53,48.19,4.94,88.25
2026-07-05 03:59:05,21.79,507.4,124.89,21.4,19.25,47.48,48.27,2.04,87.79
2026-07-05 04:03:48,21.39,481.4,129.58,14.1,23.29,54.17,43.51,12.77,87.12
2026-07-05 04:11:06,22.22,623.6,139.43,16.4,25.0,61.1,49.61,21.77,88.99
2026-07-05 04:15:16,22.39,522.0,121.19,26.9,21.29,60.0,44.3,9.77,89.38
2026-07-05 04:17:27,22.96,487.1,126.16,28.7,23.38,55.06,47.49,0.47,88.7
2026-07-05 04:25:51,22.99,474.6,130.89,12.8,20.91,54.59,43.27,12.27,87.85
2026-07-05 04:30:34,22.49,679.2,129.78,21.6,19.05,51.51,42.09,4.09,89.46
2026-07-05 04:34:03,22.03,477.1,109.23,25.8,23.48,55.06,46.51,1.63,90.0
2026-07-05 04:36:47,22.82,530.9,117.2,22.2,22.0,59.82,42.68,11.85,89.13
2026-07-05 04:44:23,22.57,458.8,125.48,18.3,20.79,54.04,39.98,41.62,87.1
2026-07-05 04:50:57,23.09,546.9,113.16,23.2,18.88,43.48,43.52,1.43,86.79
2026-07-05 04:55:59,22.33,479.9,99.19,25.5,17.45,52.6,43.86,9.63,87.99
2026-07-05 04:59:57,22.68,465.2,103.07,24.1,21.67,58.58,42.28,1.06,89.12
2026-07-05 05:06:22,23.0,514.9,100.14,21.0,16.22,44.57,40.84,3.33,87.39
2026-07-05 05:16:20,22.93,750.7,116.8,21.8,19.77,50.73,41.66,21.81,86.23
2026-07-05 05:25:03,23.05,520.0,118.47,23.3,21.99,50.57,49.55,1.49,81.93
2026-07-05 05:33:22,23.46,656.4,108.92,22.9,18.98,49.91,43.68,1.24,78.48
2026-07-05 05:43:03,23.14,618.1,91.96,16.9,14.32,47.01,33.99,1.51,75.05
2026-07-05 05:51:40,23.51,619.8,104.81,19.6,14.7,44.07,40.89,10.89,71.96
2026-07-05 05:56:35,23.46,570.0,110.2,23.3,22.37,61.09,44.7,17.53,71.43
2026-07-05 06:03:01,24.0,609.2,70.4,20.5,18.73,55.86,39.97,20.08,71.11
2026-07-05 06:11:27,24.36,580.3,81.5,28.6,13.77,46.75,36.16,8.81,72.31
2026-07-05 06:17:45,24.27,621.3,93.9,21.4,13.87,48.59,38.08,6.48,70.54
2026-07-05 06:25:04,24.57,592.2,84.96,24.0,15.26,48.26,37.18,2.37,70.53
2026-07-05 06:32:22,24.41,597.8,91.95,22.6,21.87,59.91,39.01,5.96,71.36
2026-07-05 06:35:05,24.04,740.4,84.59,27.0,15.06,48.65,34.83,11.23,69.47
2026-07-05 06:42:26,24.23,662.9,75.75,22.2,14.7,43.99,36.61,1.7,68.02
2026-07-05 06:51:28,23.95,708.7,94.47,15.0,16.2,51.12,38.16,3.63,62.83
2026-07-05 07:00:11,24.24,695.2,83.16,26.2,16.42,46.57,44.45,11.23,60.86
2026-07-05 07:03:58,24.19,608.8,99.16,21.7,17.7,53.23,39.8,5.53,60.47
2026-07-05 07:10:59,24.95,690.7,103.62,28.8,18.54,54.13,41.15,16.27,60.15
2026-07-05 07:13:44,24.82,784.2,107.19,23.4,20.04,49.8,42.69,7.12,58.85
2026-07-05 07:18:25,25.15,779.8,87.2,22.2,16.02,46.31,36.21,1.6,56.34
2026-07-05 07:22:52,24.42,629.5,84.1,25.1,16.56,46.85,41.56,2.77,54.53
2026-07-05 07:28:43,25.0,699.7,111.18,23.5,17.11,48.53,41.88,13.17,53.73
2026-07-05 07:31:12,24.83,636.7,105.33,21.9,19.66,51.72,45.24,8.82,53.6
2026-07-05 07:33:31,25.54,739.4,107.98,19.7,20.19,54.4,40.68,21.42,54.68
2026-07-05 07:40:44,25.33,873.2,105.15,16.7,18.19,47.65,44.26,22.47,52.18
2026-07-05 07:48:57,25.54,672.7,120.08,23.0,19.14,51.84,44.7,3.52,50.5
2026-07-05 07:56:16,25.62,776.2,110.1,27.1,19.11,53.11,44.95,10.58,48.74
2026-07-05 08:05:03,25.81,721.4,111.52,21.3,22.74,57.37,49.09,37.58,49.25
2026-07-05 08:10:40,25.23,849.2,104.46,26.9,17.29,53.56,38.41,7.5,50.5
2026-07-05 08:17:44,25.63,740.3,101.48,27.3,20.02,59.42,42.83,19.41,51.72
2026-07-05 08:26:56,25.89,861.3,119.78,25.9,21.25,62.98,45.82,5.81,50.91
2026-07-05 08:35:24,25.77,771.7,100.24,19.9,16.45,49.19,40.55,5.6,47.69
2026-07-05 08:44:50,25.62,840.4,124.14,21.9,19.83,50.88,40.76,41.2,43.55
2026-07-05 08:49:14,25.84,862.8,114.01,17.7,19.08,52.69,45.53,0.53,38.64
2026-07-05 08:54:48,25.88,805.7,118.57,26.5,21.59,47.93,46.65,7.75,37.62
2026-07-05 09:04:13,25.96,812.9,125.96,19.6,20.74,48.9,49.14,2.97,35.12
2026-07-05 09:11:13,25.66,899.2,121.18,24.4,18.99,44.82,43.12,4.43,33.87
2026-07-05 09:17:15,26.03,835.8,131.08,15.9,24.28,62.25,50.1,3.22,33.03
2026-07-05 09:20:04,26.26,798.7,127.4,25.0,21.18,49.7,47.04,0.31,30.92
2026-07-05 09:26:59,26.26,817.5,148.14,27.7,25.33,53.4,48.26,1.03,33.0
2026-07-05 09:29:29,26.37,1063.2,143.63,23.6,25.86,63.13,53.22,24.48,28.14
2026-07-05 09:37:16,25.93,826.8,146.98,19.8,28.56,60.56,55.48,1.06,25.87
2026-07-05 09:46:56,25.94,839.4,126.48,27.6,22.85,59.63,45.06,8.8,24.85
2026-07-05 09:52:50,26.17,947.9,143.08,26.9,21.44,50.72,49.48,6.0,24.94
2026-07-05 10:01:07,26.8,874.4,129.24,31.0,21.48,54.06,41.6,20.47,23.24
2026-07-05 10:03:24,26.54,1243.3,136.31,23.7,25.6,58.2,51.53,1.12,21.74
2026-07-05 10:11:05,26.14,978.0,136.45,32.0,24.72,54.59,49.0,0,22.31
2026-07-05 10:14:43,27.08,894.7,123.9,25.4,23.71,52.97,48.55,8.43,20.7
2026-07-05 10:21:04,26.21,884.7,124.34,26.9,21.3,50.93,47.26,3.69,20.77
2026-07-05 10:23:43,26.93,920.6,131.13,27.4,23.18,45.76,47.7,18.39,20.0
2026-07-05 10:31:34,27.07,955.9,129.3,23.2,22.42,56.89,46.1,8.78,20.32
2026-07-05 10:35:41,26.59,993.7,129.35,21.5,23.32,48.4,49.45,1.73,20.0
2026-07-05 10:43:38,26.92,1023.1,130.95,24.4,20.38,55.46,42.69,5.05,23.21
2026-07-05 10:46:59,27.19,927.4,126.87,35.6,26.12,57.97,46.83,1.22,22.12
2026-07-05 10:55:21,26.5,876.2,152.93,26.2,24.77,54.22,53.42,4.55,20.71
2026-07-05 11:02:34,27.0,897.4,150.42,22.4,24.09,60.02,44.17,2.49,20.48
2026-07-05 11:04:36,26.6,908.7,140.67,23.9,24.38,58.58,53.58,5.74,20.0
2026-07-05 11:07:14,27.17,889.8,140.3,26.2,24.03,51.94,53.25,15.85,20.0
2026-07-05 11:16:02,26.98,986.7,125.0,21.2,22.32,59.11,53.74,8.76,20.0
2026-07-05 11:23:47,26.72,980.3,145.34,29.7,24.61,63.73,46.6,10.27,20.0
2026-07-05 11:27:05,26.86,947.3,132.99,30.7,24.85,60.89,55.13,1.25,21.24
2026-07-05 11:31:07,27.13,887.5,140.65,19.2,23.24,59.3,49.71,2.77,20.0
2026-07-05 11:36:05,26.74,1247.3,141.12,28.4,24.72,60.29,48.88,10.9,20.0
2026-07-05 11:39:28,26.98,947.8,149.09,18.7,26.02,57.25,50.3,0.2,20.0
2026-07-05 11:45:20,27.32,891.5,146.45,23.8,22.53,54.9,45.04,5.31,20.0
2026-07-05 11:52:26,27.03,944.4,138.74,30.0,25.59,55.55,49.94,2.2,20.0
2026-07-05 11:57:10,27.04,957.4,144.49,28.3,24.28,57.69,47.95,1.52,20.82
2026-07-05 12:06:53,26.95,885.1,143.54,29.3,20.06,56.35,47.6,0.5,20.0
2026-07-05 12:12:25,26.89,921.1,144.22,26.7,26.34,59.6,52.82,3.99,20.0
2026-07-05 12:17:38,27.0,974.0,147.44,20.4,26.54,59.17,49.44,6.28,20.0
2026-07-05 12:24:19,26.38,963.0,140.89,20.3,22.81,46.55,49.4,7.81,20.0
2026-07-05 12:31:52,27.3,906.0,138.49,31.0,22.07,47.6,43.33,2.46,20.58
2026-07-05 12:35:35,26.84,953.1,129.97,23.9,25.37,61.03,53.55,6.25,20.0
2026-07-05 12:45:17,26.95,912.1,149.46,32.0,24.19,62.87,48.43,5.57,21.21
2026-07-05 12:48:33,26.81,1027.6,142.83,23.1,27.45,61.32,56.62,0.99,21.08
2026-07-05 12:55:44,27.19,918.7,139.38,26.6,25.45,64.37,55.27,1.14,21.3
2026-07-05 13:02:30,26.65,909.1,148.72,22.0,24.0,51.92,50.24,5.28,20.16
2026-07-05 13:04:55,27.1,909.1,125.69,26.7,23.44,54.06,46.13,2.25,20.0
2026-07-05 13:11:57,27.04,899.5,120.16,26.8,20.65,57.32,48.12,2.08,20.0
2026-07-05 13:18:34,26.58,903.2,142.59,27.3,24.92,56.19,55.38,28.27,20.09
2026-07-05 13:26:54,26.26,895.2,137.23,27.4,22.69,56.01,53.13,1.11,20.0
2026-07-05 13:29:52,27.6,891.0,123.99,27.2,21.16,49.94,43.1,4.86,20.46
2026-07-05 13:38:42,26.46,1031.6,154.48,21.1,26.45,64.37,54.23,4.88,20.0
2026-07-05 13:40:54,26.75,933.6,147.61,26.7,23.68,50.87,41.22,8.27,20.0
2026-07-05 13:48:01,26.35,866.4,124.46,23.0,24.16,54.04,49.61,12.98,20.0
2026-07-05 13:53:16,27.04,875.5,120.24,31.6,19.81,53.32,47.73,4.68,20.0
2026-07-05 13:57:17,26.89,948.4,132.01,26.1,22.56,63.84,49.52,5.25,20.78
2026-07-05 14:06:59,26.45,827.2,129.54,30.8,24.94,54.04,48.84,1.33,21.26
2026-07-05 14:13:47,26.75,925.9,124.21,29.8,21.31,54.78,47.1,1.51,23.04
2026-07-05 14:18:05,26.25,1030.3,154.66,26.7,27.89,54.12,48.17,5.28,25.03
2026-07-05 14:22:41,26.86,817.9,150.14,29.1,22.71,56.18,49.54,5.46,24.19
2026-07-05 14:28:33,26.3,879.7,113.55,29.6,23.29,58.08,39.98,8.72,25.15
2026-07-05 14:34:29,25.96,829.8,136.62,22.9,23.51,57.34,49.82,6.54,23.34
2026-07-05 14:43:03,26.95,849.2,115.77,25.1,19.39,62.15,47.14,4.78,25.18
2026-07-05 14:52:50,26.07,819.4,114.92,26.0,18.76,56.8,48.53,1.2,25.79
2026-07-05 14:57:17,26.42,911.3,119.66,26.6,23.11,60.63,47.15,1.95,25.37
2026-07-05 15:00:05,26.54,771.2,128.66,28.2,22.78,56.63,43.79,9.91,24.25
2026-07-05 15:05:31,26.51,806.2,117.99,22.9,21.28,57.01,50.02,0,24.49
2026-07-05 15:10:55,25.6,849.8,118.16,25.6,21.33,46.15,44.03,14.12,24.17
2026-07-05 15:15:12,26.4,855.7,130.41,25.8,18.49,54.47,42.28,10.72,24.52
2026-07-05 15:21:13,26.03,831.9,121.25,24.0,18.56,50.2,38.36,0.62,25.57
2026-07-05 15:29:37,26.2,782.9,116.8,33.7,22.15,59.39,45.02,16.31,26.34
2026-07-05 15:36:33,26.2,785.4,121.3,26.7,23.4,50.2,54.16,17.43,25.62
2026-07-05 15:46:22,25.15,849.4,121.58,29.7,22.1,55.21,46.29,13.49,25.94
2026-07-05 15:55:38,25.79,844.2,112.55,32.6,17.91,59.59,41.51,5.38,26.82
2026-07-05 15:58:13,25.82,914.9,127.21,31.3,24.93,54.87,53.36,4.0,29.7
2026-07-05 16:01:22,25.34,911.4,101.47,31.6,18.46,58.73,39.56,4.42,30.7
2026-07-05 16:04:05,25.59,775.8,121.5,32.3,19.13,58.65,48.92,0.54,29.64
2026-07-05 16:07:18,25.1,863.9,112.56,23.0,19.67,58.73,46.57,7.31,28.41
2026-07-05 16:11:26,25.2,706.8,127.86,26.9,23.09,57.74,52.96,3.7,30.61
2026-07-05 16:17:31,25.22,789.9,114.61,30.8,21.88,53.43,42.36,3.44,31.04
2026-07-05 16:22:13,25.1,876.9,124.47,31.1,19.99,61.78,47.05,6.86,32.08
2026-07-05 16:25:53,25.68,809.2,94.48,25.4,16.7,52.03,41.81,5.02,31.93
2026-07-05 16:33:33,25.39,681.5,99.07,27.5,19.3,53.11,44.86,1.91,30.81
2026-07-05 16:36:27,24.94,661.6,91.94,28.4,14.02,46.36,43.29,1.85,33.22
2026-07-05 16:42:26,25.72,840.7,102.07,37.3,16.95,49.99,39.04,13.72,32.81
2026-07-05 16:52:14,24.46,612.2,106.84,32.4,17.21,52.73,38.88,33.35,34.33
2026-07-05 17:00:34,24.69,620.2,79.55,30.2,13.61,47.64,35.25,3.36,33.57
2026-07-05 17:07:18,24.98,601.8,91.38,33.6,18.35,52.17,41.7,5.86,33.58
2026-07-05 17:12:06,24.26,831.6,86.55,31.7,16.67,49.61,38.35,3.07,35.89
2026-07-05 17:16:50,24.82,1014.0,90.0,29.0,17.75,54.76,43.4,1.37,39.23
2026-07-05 17:21:55,25.0,609.4,93.23,39.4,17.24,53.6,40.91,4.11,39.78
2026-07-05 17:24:51,24.23,713.2,97.79,27.8,17.5,50.88,39.56,9.45,39.62
2026-07-05 17:28:01,25.02,637.8,80.93,24.9,15.03,46.72,36.26,4.73,41.04
2026-07-05 17:33:07,24.98,617.8,81.88,29.6,14.22,50.85,41.21,0.48,42.1
2026-07-05 17:38:47,24.15,724.2,79.9,27.8,14.24,43.69,40.26,10.42,40.69
2026-07-05 17:40:57,24.21,673.4,70.33,33.4,14.74,48.59,41.95,4.28,43.98
2026-07-05 17:48:20,24.63,668.3,89.35,29.5,17.41,60.38,39.99,32.48,43.76
2026-07-05 17:55:20,24.11,607.3,77.47,31.2,16.83,51.96,41.21,9.91,46.72
2026-07-05 18:01:16,24.7,845.9,88.03,28.4,16.74,51.23,37.5,10.89,47.82
2026-07-05 18:06:06,23.81,611.8,89.72,33.7,18.2,48.57,40.31,26.85,47.03
2026-07-05 18:14:09,23.95,534.0,76.9,25.8,14.09,41.85,36.78,16.3,50.55
2026-07-05 18:17:18,23.55,633.6,92.99,22.7,18.19,43.3,43.86,0.41,51.39
2026-07-05 18:23:15,23.92,1061.2,77.37,35.2,15.23,59.82,35.88,5.67,51.26
2026-07-05 18:29:54,23.76,502.2,78.41,35.6,15.12,51.78,38.9,2.32,48.15
2026-07-05 18:36:13,23.46,499.9,110.3,27.8,22.27,49.27,41.27,49.42,49.89
2026-07-05 18:41:36,23.66,550.4,97.77,43.3,18.4,53.44,43.91,33.1,54.84
2026-07-05 18:44:35,23.72,664.3,86.88,32.0,14.62,54.53,45.05,8.09,60.05
2026-07-05 18:50:49,23.49,578.0,96.24,31.3,13.78,43.91,43.68,26.57,61.88
2026-07-05 18:53:48,23.4,513.1,83.13,29.2,16.45,45.9,43.24,2.4,63.56
2026-07-05 19:01:57,23.53,590.7,107.7,26.8,20.74,53.9,46.09,11.84,66.5
2026-07-05 19:09:34,23.86,549.6,106.56,34.6,19.46,58.42,44.17,4.57,68.99
2026-07-05 19:13:14,23.79,506.8,100.11,27.6,16.91,55.88,42.96,4.91,68.43
2026-07-05 19:19:50,22.85,468.8,90.21,36.8,16.6,51.85,44.03,5.69,69.12
2026-07-05 19:28:25,23.28,482.6,111.66,32.6,18.49,58.15,45.8,3.28,67.99
2026-07-05 19:31:05,23.43,494.4,86.34,32.1,16.68,57.67,45.57,30.53,68.21
2026-07-05 19:40:22,22.96,523.2,102.14,33.5,19.85,57.44,46.15,0.95,69.62
2026-07-05 19:46:45,22.67,537.9,108.05,24.7,22.91,53.28,49.49,13.0,73.1
2026-07-05 19:53:37,22.36,541.0,105.32,32.2,18.9,57.81,42.84,14.27,75.38
2026-07-05 20:02:57,22.04,451.3,126.08,31.6,18.21,55.66,50.99,4.72,75.75
2026-07-05 20:06:28,22.13,539.4,121.91,34.5,20.39,49.6,44.2,1.28,76.27
2026-07-05 20:16:20,21.91,398.4,116.75,26.8,19.54,54.95,44.51,7.34,78.7
2026-07-05 20:23:49,22.01,473.3,140.91,31.2,23.83,50.0,47.08,14.62,82.2
2026-07-05 20:32:59,21.82,447.0,125.74,34.5,22.58,47.57,51.77,2.62,84.74
2026-07-05 20:37:51,21.71,659.2,141.59,27.5,22.84,50.14,48.48,3.46,86.2
2026-07-05 20:40:18,22.23,480.0,153.77,30.3,27.47,65.28,55.47,8.44,88.04
2026-07-05 20:47:19,22.14,496.9,144.4,42.1,24.06,62.03,50.73,5.86,89.45
2026-07-05 20:56:47,21.42,422.3,148.1,26.2,27.34,53.39,56.59,5.49,90.0
2026-07-05 21:06:20,22.14,465.1,143.65,22.7,26.12,62.0,51.29,20.43,90.0
2026-07-05 21:12:49,21.8,528.7,122.16,29.0,21.47,53.61,46.72,1.67,89.66
2026-07-05 21:22:48,22.29,426.1,148.83,25.7,26.47,65.85,52.91,0.49,90.0
2026-07-05 21:28:59,21.41,468.7,137.17,26.2,21.11,51.43,48.99,2.57,90.0
2026-07-05 21:34:29,21.22,484.9,120.73,18.2,21.46,52.41,43.16,2.25,89.88
2026-07-05 21:44:05,20.94,401.8,159.47,37.0,27.3,59.49,53.26,8.81,89.82
2026-07-05 21:46:58,21.14,488.9,137.63,28.4,25.32,60.86,48.05,1.86,90.0
2026-07-05 21:52:03,21.01,390.4,153.71,26.2,27.44,59.36,52.89,11.43,90.0
2026-07-05 22:00:06,21.42,421.5,142.85,28.3,22.87,59.4,43.83,2.3,90.0
2026-07-05 22:04:30,21.36,428.0,158.32,25.0,24.42,58.17,51.52,3.14,90.0
2026-07-05 22:12:17,20.82,408.2,154.57,28.8,20.81,51.03,52.37,0.38,90.0
2026-07-05 22:22:02,21.48,387.1,146.27,28.7,25.52,60.96,50.18,7.21,90.0
2026-07-05 22:29:58,20.97,480.9,143.61,28.4,23.75,52.01,50.04,5.5,90.0
2026-07-05 22:35:34,20.95,368.0,153.16,29.5,24.11,65.58,49.67,7.41,89.39
2026-07-05 22:39:28,20.87,397.2,134.22,34.0,19.97,62.24,48.33,7.61,90.0
2026-07-05 22:42:00,20.82,467.5,157.2,35.9,26.23,63.53,47.0,29.83,90.0
2026-07-05 22:48:24,20.77,479.1,171.7,28.0,28.06,63.14,47.05,31.15,90.0
2026-07-05 22:57:08,20.91,406.2,171.74,32.6,25.65,68.41,46.89,3.35,90.0
2026-07-05 23:01:41,21.1,405.9,155.6,34.8,28.21,59.01,55.79,5.55,90.0
2026-07-05 23:08:15,20.44,365.4,145.86,28.4,22.25,62.93,50.76,6.37,90.0
2026-07-05 23:13:44,20.86,371.5,147.03,25.1,25.87,59.45,49.56,34.94,89.78
2026-07-05 23:23:01,21.22,441.7,139.82,29.9,29.56,64.67,55.36,2.96,90.0
2026-07-05 23:25:18,20.48,346.2,143.66,27.7,25.37,56.23,50.28,0.41,90.0
2026-07-05 23:27:59,20.48,392.1,167.29,23.8,32.51,60.34,54.68,1.99,90.0
2026-07-05 23:30:50,21.15,436.3,160.06,30.1,28.11,64.52,52.19,1.84,90.0
2026-07-05 23:37:26,20.72,364.8,149.84,28.6,28.5,56.17,57.48,2.45,90.0
2026-07-05 23:46:01,20.41,439.4,163.41,19.0,24.67,58.73,49.22,2.04,90.0
2026-07-05 23:53:17,21.26,496.6,151.98,25.4,24.99,53.26,46.34,13.39,90.0
2026-07-05 23:57:38,21.0,394.6,164.63,23.5,30.56,62.85,61.91,1.67,90.0
2026-07-06 00:00:10,20.78,393.5,144.9,32.0,24.91,58.74,49.78,4.44,90.0
2026-07-06 00:07:44,19.99,439.9,133.9,25.4,24.16,62.41,50.81,6.58,90.0
2026-07-06 00:15:13,20.07,447.9,174.38,22.3,33.91,66.92,56.82,0.2,90.0
2026-07-06 00:20:27,20.45,395.2,175.25,28.9,27.06,67.51,50.84,8.5,90.0
2026-07-06 00:28:41,21.02,375.4,152.01,25.9,28.74,59.46,53.99,10.48,90.0
2026-07-06 00:37:41,21.06,379.0,149.59,22.4,25.16,55.72,53.4,9.68,90.0
2026-07-06 00:40:47,20.11,382.2,152.03,22.5,27.22,57.77,55.73,0,90.0
2026-07-06 00:46:00,20.31,413.1,142.66,28.7,29.1,62.43,56.7,5.03,90.0
2026-07-06 00:54:40,20.5,450.3,142.12,22.9,25.59,63.68,47.83,3.03,90.0
2026-07-06 01:01:25,21.01,364.9,132.58,28.1,22.05,54.2,47.55,8.38,90.0
2026-07-06 01:09:47,20.59,430.4,145.79,19.8,22.11,55.17,43.38,7.33,90.0
2026-07-06 01:12:59,20.96,389.5,160.69,21.3,29.11,53.13,57.32,4.31,90.0
2026-07-06 01:16:16,21.11,429.6,168.61,23.1,27.19,57.59,54.73,10.92,90.0
2026-07-06 01:21:55,21.09,610.9,160.53,30.0,28.01,61.72,53.96,0.91,90.0
2026-07-06 01:28:13,20.35,385.5,162.06,25.8,25.77,62.95,53.89,6.33,90.0
2026-07-06 01:34:11,21.12,417.2,149.51,26.6,28.34,66.43,58.76,0.37,89.94
2026-07-06 01:39:36,21.16,366.4,164.59,23.6,26.17,61.79,54.4,2.7,90.0
2026-07-06 01:46:34,21.3,384.2,140.24,21.9,24.63,61.43,53.93,6.69,90.0
2026-07-06 01:52:00,21.11,459.7,143.08,31.4,24.04,61.73,52.18,0.64,90.0
2026-07-06 01:54:53,21.69,452.7,154.8,20.9,25.98,60.81,53.55,7.31,90.0
2026-07-06 01:58:37,20.91,486.4,134.33,22.4,22.89,53.28,48.6,5.86,90.0
2026-07-06 02:08:06,21.42,600.7,162.59,20.2,27.44,63.23,54.04,2.77,90.0
2026-07-06 02:13:10,21.85,416.9,165.1,30.5,26.76,56.97,62.26,21.69,90.0
2026-07-06 02:19:59,21.19,415.0,137.33,26.5,23.2,56.33,47.58,25.75,90.0
2026-07-06 02:26:54,21.0,483.7,140.08,22.7,25.01,49.51,48.54,0.91,90.0
2026-07-06 02:33:08,21.89,446.9,148.75,23.2,28.74,66.73,57.63,1.33,90.0
2026-07-06 02:41:23,21.67,427.3,132.6,24.4,22.05,57.35,44.71,5.4,90.0
2026-07-06 02:47:58,21.85,563.9,135.83,28.4,25.4,63.23,50.73,22.02,90.0
2026-07-06 02:51:14,21.56,666.1,148.02,25.1,25.48,63.79,53.68,29.73,88.95
2026-07-06 02:58:10,21.86,515.0,140.45,29.9,22.23,60.44,48.92,13.94,90.0
2026-07-06 03:00:19,21.63,411.5,115.78,31.7,16.3,49.6,39.04,4.56,90.0
2026-07-06 03:04:32,21.88,572.2,133.61,24.2,20.44,52.46,50.58,5.17,90.0
2026-07-06 03:13:34,21.88,440.7,158.5,29.0,30.17,71.49,57.4,7.22,89.25
2026-07-06 03:18:40,21.79,617.1,141.94,25.7,22.82,55.32,53.19,6.65,88.89
2026-07-06 03:25:04,21.68,500.7,133.89,27.9,20.91,56.37,51.93,0.54,87.99
2026-07-06 03:28:23,21.98,478.7,133.46,20.8,23.4,56.7,52.85,4.11,88.96
2026-07-06 03:36:28,22.1,538.8,114.4,29.4,19.83,46.42,52.69,6.23,90.0
2026-07-06 03:41:59,22.34,432.1,126.39,26.6,20.9,57.47,46.45,6.09,90.0
2026-07-06 03:46:28,22.4,492.8,132.66,26.5,22.24,60.28,49.3,6.99,90.0
2026-07-06 03:53:47,22.54,612.4,124.87,31.5,19.56,58.38,46.45,8.11,90.0
2026-07-06 03:57:03,23.12,482.1,141.0,20.6,23.9,56.89,49.42,17.62,90.0
2026-07-06 04:00:55,22.93,490.3,132.32,22.8,22.77,57.73,48.74,5.41,89.03
2026-07-06 04:09:39,22.35,441.9,120.25,28.9,18.24,58.54,43.39,3.88,90.0
2026-07-06 04:15:38,23.0,489.9,118.75,24.9,21.21,55.23,52.51,1.72,90.0
2026-07-06 04:20:17,22.7,515.5,121.34,29.7,24.79,61.56,48.72,0.68,90.0
2026-07-06 04:23:25,22.47,503.6,128.98,31.2,19.7,50.17,49.01,3.24,89.49
2026-07-06 04:32:54,22.68,516.1,125.72,36.8,23.0,60.32,50.31,3.39,87.59
2026-07-06 04:36:56,22.84,495.2,102.94,29.2,17.13,52.97,39.26,1.36,89.02
2026-07-06 04:39:46,23.28,548.5,110.86,25.7,18.47,62.74,35.59,0.46,89.3
2026-07-06 04:45:54,23.13,580.9,103.25,34.1,20.93,54.61,44.95,1.84,88.19
2026-07-06 04:55:45,22.87,632.3,114.46,20.6,21.01,59.23,49.15,6.94,85.39
2026-07-06 05:05:11,23.56,542.8,113.52,23.1,19.72,52.07,43.69,8.37,82.6
2026-07-06 05:12:18,23.68,530.9,99.21,29.7,15.68,51.72,40.57,9.31,83.9
2026-07-06 05:18:43,23.28,606.9,114.83,27.4,19.34,60.84,48.44,3.12,84.51
2026-07-06 05:21:06,23.13,504.6,102.37,21.5,19.5,44.05,44.88,17.37,83.35
2026-07-06 05:28:32,23.61,600.6,109.62,27.0,19.04,54.37,43.18,3.32,83.79
2026-07-06 05:35:37,23.88,567.2,95.2,24.1,21.0,59.42,51.5,5.36,81.74
2026-07-06 05:44:02,24.57,548.9,93.26,24.1,15.99,56.73,41.49,1.06,80.85
2026-07-06 05:51:14,24.0,521.8,111.97,22.7,23.2,58.65,48.42,20.94,81.44
2026-07-06 05:59:08,24.84,642.5,86.64,32.5,18.17,53.64,41.56,20.75,78.19
2026-07-06 06:06:16,23.81,567.5,84.29,29.0,17.01,54.01,37.56,6.79,75.73
2026-07-06 06:15:28,23.63,638.6,77.29,23.7,15.16,50.22,37.19,2.45,70.88
2026-07-06 06:23:17,24.13,611.4,88.67,30.9,15.39,51.19,36.66,11.15,69.74
2026-07-06 06:28:18,24.76,618.7,101.91,24.0,19.05,50.07,43.99,1.85,69.96
2026-07-06 06:37:01,24.42,610.9,94.65,28.9,16.32,48.81,43.28,15.35,68.87
2026-07-06 06:42:46,24.56,600.5,98.53,26.4,21.84,63.31,47.72,2.82,68.35
2026-07-06 06:45:32,24.37,700.4,93.5,25.6,16.29,48.2,40.53,10.41,68.22
2026-07-06 06:49:51,24.35,723.6,114.57,29.3,19.27,52.13,45.5,3.27,66.61
2026-07-06 06:52:40,24.82,646.8,100.13,25.5,16.09,46.47,37.9,4.4,62.78
2026-07-06 07:00:09,25.24,777.7,87.75,30.8,12.05,51.07,44.91,1.62,64.13
2026-07-06 07:06:57,25.21,708.1,98.0,29.1,16.28,61.56,43.89,33.02,63.0
2026-07-06 07:09:11,24.75,871.2,83.32,26.2,17.11,53.15,40.07,12.06,61.44
2026-07-06 07:12:30,24.45,694.7,109.76,27.8,20.7,51.69,45.95,13.65,58.81
2026-07-06 07:15:12,24.96,726.5,99.16,25.6,14.77,53.73,44.02,16.64,57.98
2026-07-06 07:23:06,25.46,937.3,89.51,27.4,17.75,55.49,44.75,20.11,54.72
2026-07-06 07:28:10,25.04,685.7,99.64,26.5,18.1,58.27,42.39,0.87,52.91
2026-07-06 07:36:54,24.95,790.4,102.59,28.0,23.15,60.83,46.17,1.1,51.5
2026-07-06 07:46:24,25.34,727.9,112.72,29.3,21.76,47.69,41.97,10.54,50.11
2026-07-06 07:49:43,25.24,806.2,107.23,32.6,20.49,57.38,49.58,4.97,51.04
2026-07-06 07:56:21,25.71,751.5,123.42,28.8,20.68,56.7,49.04,18.6,48.46
2026-07-06 07:59:51,25.79,855.0,110.58,23.2,22.59,55.81,47.55,0.37,48.03
2026-07-06 08:03:19,24.72,724.2,105.48,29.1,15.25,55.25,41.69,1.8,46.1
2026-07-06 08:09:29,25.8,844.0,110.2,19.3,20.52,51.96,48.69,2.03,45.17
2026-07-06 08:15:52,26.43,858.4,135.52,30.5,23.29,53.99,48.24,0,42.74
