date,pm25_ugm3,pm10_ugm3,o3_ugm3,no2_ugm3,temperature_c,humidity_pct,wind_speed_ms,pressure_hpa
2026-04-28,27.78,43.06,40.01,21.11,21.56,58.56,3.5,1016.53
2026-04-29,27.76,45.34,41.98,23.42,24.1,66.15,1.89,1014.1
2026-04-30,30.92,59.96,39.7,17.07,23.89,57.87,2.53,1018.41
2026-05-01,35.04,54.14,41.65,18.84,24.79,59.09,3.85,1012.17
2026-05-02,20.91,28.6,30.62,32.38,24.57,54.16,4.27,1013.47
2026-05-03,36.41,55.9,38.2,32.09,24.6,61.49,3.97,1017.65
2026-05-04,26.93,37.35,32.9,20.1,22.03,74.78,1.77,1012.64
2026-05-05,35.53,68.22,40.13,21.78,27.13,62.09,0.87,1014.05
2026-05-06,36.83,47.38,35.81,18.87,21.96,65.63,3.87,1022.31
2026-05-07,34.98,51.09,30.56,13.44,25.8,58.62,2.89,1017.28
2026-05-08,27.04,40.91,19.88,12.19,21.26,62.98,4.79,1014.65
2026-05-09,39.52,64.58,42.89,32.47,23.79,51.39,4.36,1015.52
2026-05-10,45.36,72.34,49.5,26.21,27.73,56.46,2.23,1010.65
2026-05-11,30.59,60.33,40.12,21.04,15.79,62.79,3.83,1012.05
2026-05-12,27.69,44.29,47.16,12.32,21.6,65.5,2.33,1012.26
2026-05-13,31.97,41.22,34.94,11.55,25.48,58.18,6.43,1013.84
2026-05-14,39.46,52.71,32.09,19.22,27.99,49.24,4.49,1014.43
2026-05-15,40.31,70.2,33.42,14.99,18.93,58.12,2.71,1018.36
2026-05-16,33.75,56.56,20.46,26.02,23.36,56.88,5.17,1011.83
2026-05-17,30.49,52.45,37.2,30.46,20.38,57.96,3.13,1013.72
2026-05-18,38.07,65.79,35.47,28.36,23.1,54.28,3.17,1015.74
2026-05-19,30.84,53.5,42.92,15.04,17.07,56.84,3.34,1009.14
2026-05-20,35.03,60.91,25.63,20.19,21.54,47.54,3.68,1010.52
2026-05-21,24.97,44.14,37.78,14.71,23.21,59.67,1.93,1011.49
2026-05-22,29.07,64.64,19.32,21.08,20.96,53.77,5.85,1010.04
2026-05-23,48.59,74.21,37.41,25.55,19.68,50.38,2.58,1010.39
2026-05-24,22.07,51.33,33.72,36.71,18.6,51.27,7.75,1006.92
2026-05-25,18.77,25.66,39.32,21.07,25.36,52.2,0.6,1007.98
2026-05-26,34.7,59.25,20.43,17.42,25.56,63.92,3.84,1009.99
2026-05-27,19.31,24.15,37.04,20.12,22.99,50.75,1.27,1006.52
2026-05-28,19.29,36.01,18.79,15.93,22.48,60.63,3.11,1011.67
2026-05-29,23.31,31.34,32.55,25.24,24.01,55.38,8.0,1008.41
2026-05-30,35.39,59.08,36.87,39.58,25.44,42.01,2.4,1009.65
2026-05-31,35.81,46.51,21.32,18.47,20.62,48.49,3.52,1005.94
2026-06-01,16.71,10.55,42.75,19.45,23.73,56.9,2.71,1012.2
2026-06-02,22.68,31.0,36.73,14.68,14.18,53.8,3.37,1006.99
2026-06-03,18.66,32.83,55.43,17.79,19.1,50.18,2.9,1004.23
2026-06-04,21.64,35.11,57.26,22.32,23.68,49.73,4.0,1004.58
2026-06-05,23.71,41.29,37.2,27.6,22.25,43.97,3.83,1006.78
2026-06-06,27.8,48.21,47.29,17.8,17.06,53.67,4.95,1013.74
2026-06-07,38.08,44.48,51.16,18.42,25.38,51.34,1.29,1014.11
2026-06-08,24.11,23.45,48.18,13.94,20.89,51.94,5.06,1003.88
2026-06-09,21.65,49.15,40.05,18.65,21.2,51.15,3.97,1008.54
2026-06-10,13.6,35.86,53.83,16.76,18.74,51.03,4.85,1007.92
2026-06-11,21.55,33.0,53.24,17.02,23.01,54.43,4.24,1010.52
2026-06-12,17.66,21.38,41.58,13.9,17.86,60.09,2.93,1013.38
2026-06-13,38.12,61.19,37.5,26.09,20.7,44.86,2.62,1009.72
2026-06-14,21.3,27.93,44.56,36.93,20.57,48.61,2.44,1011.92
2026-06-15,13.09,24.8,57.18,21.35,25.4,54.39,4.7,1006.91
2026-06-16,14.49,32.75,58.63,17.61,17.8,60.45,2.05,1006.76
2026-06-17,12.68,22.26,35.75,19.4,22.08,55.24,4.56,1011.62
2026-06-18,12.67,14.91,58.9,10.02,20.77,55.54,3.1,1010.69
2026-06-19,16.3,35.16,55.74,16.03,18.36,62.85,3.79,1014.7
2026-06-20,17.91,28.87,53.99,27.56,22.27,47.31,4.24,1012.61
2026-06-21,29.02,64.43,52.4,27.82,22.53,66.15,0.4,1012.42
2026-06-22,6.8,8,39.23,10.69,25.99,56.56,2.66,1007.8
2026-06-23,19.21,21.92,66.33,12.63,20.79,62.07,3.04,1015.9
2026-06-24,16.23,16.31,51.64,14.74,25.57,63.93,2.82,1014.57
2026-06-25,12.33,18.64,57.86,25.24,23.43,60.81,1.43,1014.36
2026-06-26,12.02,21.98,41.43,22.82,20.08,59.22,4.59,1008.65
2026-06-27,21.64,35.22,48.83,34.71,28.93,49.88,0.83,1015.42
2026-06-28,14.42,19.96,57.97,31.46,24.13,60.73,1.83,1017.23
2026-06-29,12.92,23.39,52.9,18.13,24.68,63.84,1.48,1016.09
2026-06-30,24.57,41.26,62.85,21.79,28.36,66.66,3.32,1016.63
2026-07-01,16.72,18.96,57.13,8.16,25.96,67.67,4.85,1014.83
2026-07-02,22.14,35.42,48.63,10.54,23.47,59.21,3.95,1014.09
2026-07-03,20.29,33.05,65.0,22.9,24.86,65.09,2.2,1010.17
2026-07-04,27.75,53.91,56.36,25.53,30.49,51.22,3.27,1015.78
2026-07-05,20.63,44.14,63.89,26.69,27.38,61.36,2.23,1011.72
2026-07-06,26.22,50.18,62.17,12.13,34.31,77.43,3.28,1013.23
2026-07-07,13.16,24.4,48.09,17.43,31.77,60.29,6.01,1020.91
2026-07-08,11.38,8,52.68,12.44,28.14,55.18,2.66,1021.88
2026-07-09,12.56,17.91,42.54,20.79,28.68,78.02,3.31,1015.6
2026-07-10,23.05,32.83,43.2,19.11,29.26,69.34,3.56,1015.41
2026-07-11,29.28,60.75,44.47,36.69,29.47,60.93,6.64,1017.61
2026-07-12,35.49,63.32,39.27,28.6,29.04,58.17,0.34,1017.64
2026-07-13,24.84,42.87,49.61,13.61,28.07,66.08,1.45,1016.88
2026-07-14,21.7,27.55,49.5,13.8,31.41,71.43,3.27,1019.05
2026-07-15,12.47,16.92,52.85,20.81,27.03,69.69,4.81,1017.22
2026-07-16,22.37,39.4,51.86,20.97,32.42,69.62,1.83,1017.34
2026-07-17,31.02,48.0,47.76,15.14,34.93,64.51,4.37,1015.11
2026-07-18,24.21,40.38,49.35,29.49,36,62.7,3.66,1015.24
2026-07-19,38.67,66.93,51.79,28.94,30.92,62.97,3.75,1017.94
2026-07-20,25.91,30.58,48.12,14.14,30.35,67.54,0.22,1020.09
2026-07-21,30.82,48.88,37.89,12.87,33.46,55.97,3.27,1019.97
2026-07-22,24.36,35.02,46.46,19.35,36,67.92,1.97,1016.54
2026-07-23,27.85,57.01,41.6,12.34,31.88,57.05,3.49,1013.77
2026-07-24,19.85,15.95,34.39,20.44,30.82,58.46,3.27,1016.73
2026-07-25,36.83,64.85,42.44,21.51,34.63,65.45,2.13,1013.32
2026-07-26,41.32,62.79,38.42,28.08,36,63.88,2.5,1019.54
